"Player","League Value","Proj Value","Avg Cost","% Owned","FGM/A","FG%","FTM","3PTM","PTS","REB","AST","ST","BLK"
"Kevin Durant GS - F","$68 ","$68 ","$76.20 ","100%","551/1026","0.537","336","117","1555","513","300","66","99"
"Russell Westbrook OKC - G","$67 ","$67 ","$77.20 ","100%","824/1941","0.425","710","200","2558","864","840","133","31"
"James Harden Hou - G","$67 ","$67 ","$75.20 ","100%","674/1533","0.44","746","262","2356","659","907","121","38"
"Stephen Curry GS - G","$67 ","$67 ","$72.40 ","100%","675/1444","0.467","325","324","1999","354","524","142","17"
"Giannis Antetokounmpo Mil - F","$61 ","$61 ","$74.30 ","100%","656/1259","0.521","471","49","1832","700","434","131","151"
"Karl-Anthony Towns Min - C","$60 ","$60 ","$68.50 ","100%","802/1480","0.542","356","101","2061","1007","220","56","103"
"Anthony Davis NO - F,C","$58 ","$58 ","$65.80 ","100%","770/1526","0.505","519","40","2099","884","157","94","167"
"Kawhi Leonard SA - G,F","$54 ","$54 ","$61.10 ","100%","636/1312","0.485","469","147","1888","430","260","133","55"
"LeBron James Cle - F","$53 ","$53 ","$58.70 ","100%","736/1344","0.548","358","124","1954","639","646","92","44"
"Nikola Jokic Den - F,C","$49 ","$49 ","$53.10 ","100%","494/854","0.578","188","45","1221","718","359","61","55"
"John Wall Was - G","$47 ","$47 ","$56.70 ","100%","647/1435","0.451","422","89","1805","326","831","157","49"
"Chris Paul Hou - G","$47 ","$47 ","$47.60 ","100%","374/785","0.476","232","124","1104","303","563","120","8"
"Kyrie Irving Bos - G","$47 ","$47 ","$48.40 ","100%","671/1420","0.473","297","177","1816","230","418","83","24"
"DeMarcus Cousins NO - F,C","$46 ","$46 ","$51.10 ","100%","647/1432","0.452","517","131","1942","794","332","100","94"
"Rudy Gobert Uta - C","$45 ","$45 ","$50.40 ","100%","413/625","0.661","311","0","1137","1035","98","49","214"
"Jimmy Butler Min - G,F","$41 ","$41 ","$43.60 ","100%","570/1252","0.455","585","91","1816","470","417","143","32"
"Paul George OKC - F","$40 ","$40 ","$47.80 ","100%","622/1348","0.461","336","195","1775","492","251","119","27"
"Damian Lillard Por - G","$40 ","$40 ","$42.90 ","100%","661/1488","0.444","488","214","2024","368","440","68","20"
"Hassan Whiteside Mia - C","$37 ","$37 ","$41.20 ","100%","542/973","0.557","225","0","1309","1088","57","57","162"
"Draymond Green GS - F","$37 ","$37 ","$39.80 ","100%","272/650","0.418","151","81","776","599","533","154","105"
"Kristaps Porzingis NY - F,C","$36 ","$36 ","$37.60 ","100%","443/985","0.45","198","112","1196","475","97","47","129"
"Kemba Walker Cha - G","$34 ","$34 ","$36.40 ","100%","643/1449","0.444","304","240","1830","308","434","85","22"
"Kyle Lowry Tor - G","$34 ","$34 ","$36.20 ","100%","426/918","0.464","299","193","1344","286","417","89","19"
"Mike Conley Mem - G","$32 ","$32 ","$30.10 ","99%","464/1010","0.459","316","171","1415","242","433","92","19"
"Gordon Hayward Bos - G,F","$32 ","$32 ","$34.20 ","100%","545/1156","0.471","362","149","1601","394","252","73","20"
"Myles Turner Ind - F,C","$29 ","$29 ","$31.20 ","100%","444/869","0.511","245","40","1173","589","106","73","173"
"C.J. McCollum Por - G","$28 ","$28 ","$30.60 ","100%","692/1441","0.48","268","185","1837","289","285","72","42"
"Joel Embiid Phi - F,C","$27 ","$27 ","$30.50 ","99%","200/429","0.466","191","36","627","243","66","27","76"
"Klay Thompson GS - G,F","$27 ","$27 ","$30.80 ","100%","644/1376","0.468","186","268","1742","285","160","66","40"
"Bradley Beal Was - G","$25 ","$25 ","$26.60 ","100%","637/1322","0.482","282","223","1779","240","267","83","21"
"Marc Gasol Mem - C","$25 ","$25 ","$25.90 ","99%","532/1160","0.459","278","104","1446","463","338","67","99"
"DeMar DeRozan Tor - G,F","$25 ","$25 ","$28.00 ","100%","721/1545","0.467","545","33","2020","386","290","78","13"
"Eric Bledsoe Pho - G","$24 ","$24 ","$25.10 ","99%","449/1034","0.434","388","104","1390","320","418","91","31"
"Blake Griffin LAC - F,C","$23 ","$23 ","$23.50 ","99%","479/971","0.493","320","38","1316","497","300","57","23"
"Goran Dragic Mia - G","$22 ","$22 ","$22.30 ","98%","534/1124","0.475","298","117","1483","279","424","89","13"
"Kevin Love Cle - F,C","$21 ","$21 ","$23.60 ","100%","370/867","0.427","257","145","1142","666","116","53","21"
"Khris Middleton Mil - G,F","$21 ","$21 ","$21.30 ","98%","150/333","0.45","81","45","426","122","99","41","7"
"Otto Porter Was - F","$21 ","$21 ","$19.50 ","97%","414/803","0.516","99","148","1075","514","121","116","42"
"Brook Lopez LAL - C","$20 ","$20 ","$22.00 ","98%","555/1172","0.474","295","134","1539","403","176","38","124"
"Paul Millsap Den - F,C","$20 ","$20 ","$20.80 ","99%","430/972","0.442","311","75","1246","533","252","90","62"
"Ricky Rubio Uta - G","$19 ","$19 ","$17.80 ","96%","261/650","0.402","254","60","836","305","682","128","10"
"Isaiah Thomas Cle - G","$19 ","$19 ","$38.70 ","98%","682/1473","0.463","590","245","2199","205","448","70","13"
"Al Horford Bos - F,C","$19 ","$19 ","$17.70 ","98%","379/801","0.473","108","86","952","465","337","52","86"
"Jrue Holiday NO - G","$18 ","$18 ","$14.10 ","95%","405/893","0.454","119","100","1029","264","488","100","44"
"DeAndre Jordan LAC - C","$17 ","$17 ","$18.60 ","99%","412/577","0.714","205","0","1029","1114","96","50","134"
"Jeff Teague Min - G","$17 ","$17 ","$18.60 ","96%","402/909","0.442","360","90","1254","331","639","101","32"
"Jusuf Nurkic Por - C","$16 ","$16 ","$19.50 ","96%","271/534","0.507","120","0","662","467","123","50","74"
"Nikola Vucevic Orl - F,C","$16 ","$16 ","$13.50 ","95%","483/1031","0.468","107","23","1096","779","208","76","74"
"LaMarcus Aldridge SA - F,C","$16 ","$16 ","$14.40 ","97%","500/1049","0.477","220","23","1243","523","139","46","88"
"Serge Ibaka Tor - F,C","$15 ","$15 ","$15.50 ","95%","471/982","0.48","107","124","1173","538","75","41","124"
"Dennis Schroder Atl - G","$14 ","$14 ","$17.00 ","93%","548/1214","0.451","218","100","1414","248","499","74","16"
"Carmelo Anthony OKC - F","$13 ","$13 ","$18.70 ","99%","602/1389","0.433","304","151","1659","437","213","61","33"
"Devin Booker Pho - G","$13 ","$13 ","$19.20 ","98%","606/1431","0.423","367","147","1726","249","268","72","21"
"Victor Oladipo Ind - G","$13 ","$13 ","$11.30 ","92%","412/932","0.442","116","127","1067","291","176","77","21"
"Ben Simmons Phi - F","$13 ","$13 ","$15.10 ","95%","-/-","-","-","-","-","-","-","-","-"
"Andre Drummond Det - F,C","$12 ","$12 ","$15.70 ","95%","483/911","0.53","137","2","1105","1115","90","124","89"
"Tobias Harris Det - F","$12 ","$12 ","$8.70 ","90%","511/1063","0.481","190","109","1321","416","142","59","39"
"Robert Covington Phi - F","$12 ","$12 ","$8.60 ","89%","292/732","0.399","143","137","864","436","102","127","69"
"Elfrid Payton Orl - G","$12 ","$12 ","$7.50 ","89%","430/912","0.471","146","40","1046","387","529","88","40"
"D'Angelo Russell Bkn - G","$12 ","$12 ","$11.10 ","94%","351/867","0.405","147","135","984","221","303","87","16"
"Harrison Barnes Dal - F","$11 ","$11 ","$9.90 ","92%","599/1280","0.468","242","78","1518","394","117","65","15"
"Trevor Ariza Hou - G,F","$11 ","$11 ","$8.80 ","90%","326/798","0.409","93","191","936","458","175","147","20"
"Andrew Wiggins Min - G,F","$10 ","$10 ","$15.30 ","96%","709/1570","0.452","412","103","1933","328","189","82","30"
"Nicolas Batum Cha - G,F","$10 ","$10 ","$15.90 ","87%","393/975","0.403","243","135","1164","481","456","86","29"
"Clint Capela Hou - F,C","$10 ","$10 ","$8.80 ","90%","362/563","0.643","94","0","818","526","63","34","79"
"Lonzo Ball LAL - G","$10 ","$10 ","$15.00 ","95%","-/-","-","-","-","-","-","-","-","-"
"Jae Crowder Cle - F","$10 ","$10 ","$8.80 ","90%","333/720","0.463","176","157","999","415","155","73","23"
"Danilo Gallinari LAC - F","$10 ","$10 ","$6.60 ","88%","335/750","0.447","349","126","1145","325","135","40","15"
"Nerlens Noel Dal - F,C","$10 ","$10 ","$6.70 ","87%","184/309","0.595","77","0","445","294","50","65","50"
"Lou Williams LAC - G","$10 ","$10 ","$6.80 ","88%","428/998","0.429","402","163","1421","202","239","80","19"
"Marcin Gortat Was - C","$9 ","$9 ","$9.90 ","89%","390/674","0.579","103","0","883","849","121","40","61"
"Avery Bradley Det - G","$9 ","$9 ","$5.90 ","89%","359/775","0.463","68","108","894","334","122","68","11"
"Jonas Valanciunas Tor - C","$9 ","$9 ","$8.80 ","88%","391/702","0.557","176","1","959","759","57","37","63"
"Dwight Howard Cha - F,C","$9 ","$9 ","$10.30 ","91%","388/613","0.633","226","0","1002","940","104","64","92"
"Julius Randle LAL - F","$9 ","$9 ","$6.70 ","89%","377/774","0.487","204","17","975","637","264","49","37"
"George Hill Sac - G","$8 ","$8 ","$5.10 ","85%","289/606","0.477","157","94","829","167","204","50","11"
"Dennis Smith Jr. Dal - G","$8 ","$8 ","$4.60 ","86%","-/-","-","-","-","-","-","-","-","-"
"Patrick Beverley LAC - G","$8 ","$8 ","$3.20 ","84%","228/543","0.42","73","110","639","393","281","99","25"
"Aaron Gordon Orl - F","$8 ","$8 ","$3.80 ","86%","393/865","0.454","156","77","1019","405","150","65","40"
"Gorgui Dieng Min - F,C","$8 ","$8 ","$5.10 ","82%","332/661","0.502","136","16","816","647","158","88","95"
"Dwyane Wade Cle - G","$8 ","$8 ","$5.80 ","89%","414/955","0.434","223","45","1096","270","228","86","41"
"Evan Fournier Orl - G,F","$7 ","$7 ","$4.60 ","84%","408/930","0.439","223","128","1167","209","202","66","4"
"Gary Harris Den - G,F","$7 ","$7 ","$3.90 ","83%","320/637","0.502","104","107","851","178","164","71","8"
"Rajon Rondo NO - G","$7 ","$7 ","$3.70 ","82%","229/561","0.408","30","50","538","355","461","99","11"
"Tim Hardaway Jr. NY - G,F","$7 ","$7 ","$3.20 ","84%","415/912","0.455","164","149","1143","224","182","55","15"
"James Johnson Mia - F","$7 ","$7 ","$3.30 ","81%","368/769","0.479","152","87","975","376","276","76","86"
"Kentavious Caldwell-Pope LAL - G","$7 ","$7 ","$2.90 ","77%","370/928","0.399","154","153","1047","248","193","90","12"
"Jeremy Lin Bkn - G","$7 ","$7 ","$3.60 ","82%","175/400","0.438","115","58","523","135","184","42","15"
"Markelle Fultz Phi - G","$7 ","$7 ","$6.20 ","88%","-/-","-","-","-","-","-","-","-","-"
"Markieff Morris Was - F","$6 ","$6 ","$2.30 ","72%","406/889","0.457","180","71","1063","493","126","82","43"
"Steven Adams OKC - C","$6 ","$6 ","$4.30 ","84%","374/655","0.571","157","0","905","613","86","89","78"
"Willy Hernangomez NY - C","$6 ","$6 ","$2.40 ","77%","246/465","0.529","91","4","587","501","96","41","36"
"Dirk Nowitzki Dal - F,C","$6 ","$6 ","$3.00 ","81%","296/678","0.437","98","79","769","353","82","30","38"
"Brandon Ingram LAL - G,F","$6 ","$6 ","$3.00 ","84%","276/686","0.402","133","55","740","316","166","49","36"
"Marcus Smart Bos - G","$6 ","$6 ","$1.80 ","75%","269/749","0.359","203","94","835","305","364","125","34"
"Malcolm Brogdon Mil - G","$6 ","$6 ","$3.80 ","82%","290/635","0.457","109","78","767","213","317","84","12"
"Darren Collison Ind - G","$5 ","$5 ","$1.60 ","75%","340/714","0.476","147","73","900","152","312","67","9"
"Pau Gasol SA - F,C","$5 ","$5 ","$2.90 ","81%","303/604","0.502","130","56","792","501","150","24","70"
"Eric Gordon Hou - G","$5 ","$5 ","$3.60 ","83%","412/1016","0.406","147","246","1217","201","188","48","41"
"Dario Saric Phi - F","$5 ","$5 ","$8.10 ","80%","381/927","0.411","172","106","1040","513","182","57","30"
"Rudy Gay SA - F","$5 ","$5 ","$4.10 ","83%","201/442","0.455","118","42","562","190","83","44","26"
"Marquese Chriss Pho - F","$5 ","$5 ","$1.90 ","74%","284/632","0.449","113","72","753","348","60","67","70"
"Willie Cauley-Stein Sac - F,C","$5 ","$5 ","$3.80 ","81%","255/481","0.53","101","0","611","338","80","53","44"
"Zach LaVine Chi - G","$5 ","$5 ","$2.80 ","75%","326/710","0.459","117","120","889","160","139","41","10"
"J.J. Redick Phi - G","$4 ","$4 ","$2.00 ","76%","396/890","0.445","180","201","1173","171","110","54","13"
"Seth Curry Dal - G","$4 ","$4 ","$1.70 ","69%","338/703","0.481","85","137","898","179","188","79","7"
"Marvin Williams Cha - F","$4 ","$4 ","$1.40 ","70%","297/704","0.422","131","124","849","500","106","58","53"
"Thaddeus Young Ind - F","$4 ","$4 ","$1.50 ","72%","362/687","0.527","45","45","814","448","122","113","30"
"Dion Waiters Mia - G,F","$4 ","$4 ","$2.10 ","78%","281/663","0.424","82","85","729","153","200","42","20"
"Nikola Mirotic Chi - F","$4 ","$4 ","$1.40 ","68%","258/625","0.413","99","129","744","384","75","53","55"
"Greg Monroe Mil - F,C","$4 ","$4 ","$2.10 ","76%","387/725","0.534","177","0","951","533","187","92","38"
"Jamal Murray Den - G","$4 ","$4 ","$1.80 ","73%","295/730","0.404","106","115","811","214","170","51","24"
"Kent Bazemore Atl - G,F","$4 ","$4 ","$1.40 ","71%","295/721","0.409","119","92","801","231","177","91","52"
"Buddy Hield Sac - G","$3 ","$3 ","$2.00 ","75%","327/767","0.426","64","148","866","270","121","38","9"
"T.J. Warren Pho - F","$3 ","$3 ","$1.40 ","69%","403/814","0.495","119","26","951","339","75","76","39"
"Wilson Chandler Den - F","$3 ","$3 ","$2.70 ","71%","433/939","0.461","141","110","1117","460","141","51","30"
"Rodney Hood Uta - G,F","$3 ","$3 ","$2.10 ","77%","272/666","0.408","90","114","748","202","96","38","11"
"Jabari Parker Mil - F","$3 ","$3 ","$8.40 ","71%","399/814","0.49","162","65","1025","314","142","50","22"
"Robin Lopez Chi - C","$3 ","$3 ","$2.00 ","72%","382/775","0.493","75","0","839","520","80","18","117"
"Wesley Matthews Dal - G,F","$3 ","$3 ","$1.40 ","66%","333/847","0.393","146","174","986","259","210","77","15"
"Frank Kaminsky Cha - F,C","$3 ","$3 ","$1.40 ","63%","320/802","0.399","118","116","874","337","162","47","34"
"Derrick Favors Uta - F,C","$3 ","$3 ","$3.00 ","77%","203/417","0.487","67","3","476","305","56","45","40"
"Ryan Anderson Hou - F,C","$3 ","$3 ","$1.90 ","69%","323/773","0.418","129","204","979","330","68","31","14"
"Reggie Jackson Det - G","$3 ","$3 ","$1.70 ","67%","284/677","0.419","118","66","752","114","270","35","5"
"Zach Randolph Sac - F,C","$2 ","$2 ","$5.00 ","74%","433/964","0.449","141","21","1028","598","122","38","10"
"Will Barton Den - G,F","$2 ","$2 ","$1.10 ","60%","295/666","0.443","143","87","820","259","206","48","28"
"Kris Dunn Chi - G","$2 ","$2 ","$1.20 ","37%","118/313","0.377","36","21","293","166","188","78","36"
"Allen Crabbe Bkn - G","$2 ","$2 ","$1.20 ","54%","303/647","0.468","105","134","845","226","94","54","20"
"Tristan Thompson Cle - F,C","$2 ","$2 ","$1.70 ","69%","262/437","0.6","106","0","630","715","77","39","84"
"Jayson Tatum Bos - F","$2 ","$2 ","$1.50 ","73%","-/-","-","-","-","-","-","-","-","-"
"Jordan Clarkson LAL - G","$2 ","$2 ","$1.30 ","65%","477/1071","0.445","134","117","1205","246","213","89","8"
"Bojan Bogdanovic Ind - G,F","$2 ","$2 ","$1.20 ","30%","376/845","0.445","217","144","1113","277","111","34","7"
"Marcus Morris Bos - F","$1 ","$1 ","$1.20 ","56%","421/1007","0.418","145","118","1105","366","160","52","25"
"Terrence Ross Orl - G,F","$1 ","$1 ","$1.00 ","48%","326/746","0.437","64","142","858","206","88","87","33"
"Al-Farouq Aminu Por - F","$1 ","$1 ","$1.00 ","44%","183/467","0.392","96","70","532","451","99","61","44"
"Josh Jackson Pho - G,F","$1 ","$1 ","$2.10 ","72%","-/-","-","-","-","-","-","-","-","-"
"Joe Ingles Uta - G,F","$1 ","$1 ","$1.90 ","63%","204/451","0.452","50","123","581","261","225","95","8"
"Ersan Ilyasova Atl - F","$1 ","$1 ","$1.10 ","55%","384/890","0.431","161","142","1071","481","140","58","23"
"Justise Winslow Mia - F","$1 ","$1 ","$1.00 ","50%","80/225","0.356","29","7","196","94","66","26","6"
"Taurean Prince Atl - F","$1 ","$1 ","$1.60 ","42%","114/285","0.4","74","33","335","157","55","43","27"
"Michael Kidd-Gilchrist Cha - F","$1 ","$1 ","$1.50 ","43%","295/618","0.477","152","1","743","565","114","81","77"
"Kelly Olynyk Mia - C","$1 ","$1 ","$1.10 ","50%","260/508","0.512","90","68","678","361","148","43","29"
"Maurice Harkless Por - F","$1 ","$1 ","$1.00 ","39%","314/624","0.503","77","68","773","341","88","85","69"
"Austin Rivers LAC - G","$1 ","$1 ","$1.00 ","39%","323/731","0.442","132","111","889","161","204","48","10"
"Enes Kanter NY - C","$1 ","$1 ","$1.80 ","71%","402/737","0.545","224","5","1033","482","67","32","38"
"Derrick Rose Cle - G","$1 ","$1 ","$1.90 ","76%","460/977","0.471","221","13","1154","246","283","44","17"
"Tyler Johnson Mia - G","$1 ","$1 ","$1.20 ","59%","357/824","0.433","195","93","1002","293","233","84","44"
"Taj Gibson Min - F,C","$1 ","$1 ","$1.10 ","61%","365/709","0.515","113","3","846","485","73","41","65"
"Courtney Lee NY - G,F","$1 ","$1 ","$1.10 ","41%","321/704","0.456","85","108","835","258","179","81","24"
"Richaun Holmes Phi - F,C","$1 ","$1 ","$1.00 ","37%","230/412","0.558","72","27","559","311","58","42","54"
"Trevor Booker Bkn - F","$1 ","$1 ","$1.10 ","38%","305/591","0.516","74","25","709","571","138","75","28"
"Rondae Hollis-Jefferson Bkn - F","$1 ","$1 ","$1.30 ","39%","235/542","0.434","190","15","675","452","154","82","44"
"Mason Plumlee Den - F,C","$1 ","$1 ","$1.10 ","43%","334/623","0.536","174","0","842","605","284","69","92"
"Cody Zeller Cha - F,C","$1 ","$1 ","$1.00 ","31%","253/443","0.571","133","0","639","404","99","62","58"
"De'Aaron Fox Sac - G","$1 ","$1 ","$1.60 ","65%","-/-","-","-","-","-","-","-","-","-"
"Tyreke Evans Mem - G,F","$1 ","$1 ","$1.10 ","28%","150/370","0.405","69","42","411","136","124","35","9"
"Jahlil Okafor Phi - C","$1 ","$1 ","$1.10 ","38%","242/471","0.514","106","0","590","240","58","20","49"
"Larry Nance Jr. LAL - F","$0 ","$0 ","$1.20 ","16%","190/361","0.526","59","10","449","369","96","82","40"
"Jaylen Brown Bos - G,F","$0 ","$0 ","$1.10 ","28%","192/423","0.454","85","46","515","220","64","35","18"
"Josh Richardson Mia - F","$0 ","$0 ","$1.40 ","35%","202/513","0.394","60","75","539","169","139","60","40"
"Patty Mills SA - G","$0 ","$0 ","$1.10 ","27%","273/621","0.44","66","147","759","141","279","65","3"
"Skal Labissiere Sac - F,C","$0 ","$0 ","$1.30 ","26%","117/218","0.537","52","3","289","162","27","16","13"
"Andre Roberson OKC - G,F","$0 ","$0 ","$1.60 ","12%","215/463","0.464","47","45","522","403","79","94","80"
"Andre Iguodala GS - G,F","$0 ","$0 ","$1.50 ","34%","219/415","0.528","72","64","574","304","261","76","39"
"John Collins Atl - F","$0 ","$0 ","$2.00 ","22%","-/-","-","-","-","-","-","-","-","-"
"Caris LeVert Bkn - G,F","$0 ","$0 ","$1.20 ","9%","171/380","0.45","67","59","468","188","110","49","8"
"Danny Green SA - G,F","$0 ","$0 ","$1.30 ","16%","176/449","0.392","27","118","497","224","124","70","57"
"Dewayne Dedmon Atl - C","$0 ","$0 ","$2.30 ","42%","161/259","0.622","65","0","387","496","44","37","61"
"J.R. Smith Cle - G,F","$0 ","$0 ","$1.30 ","22%","123/356","0.346","10","95","351","113","62","40","11"
"Boban Marjanovic Det - C","$0 ","$0 ","$1.60 ","13%","72/132","0.545","47","0","191","130","9","6","12"
"Malik Monk Cha - G","$0 ","$0 ","$1.20 ","17%","-/-","-","-","-","-","-","-","-","-"
"Norman Powell Tor - G,F","$0 ","$0 ","$1.50 ","20%","227/506","0.449","126","56","636","169","82","52","14"
"Patrick Patterson OKC - F,C","$0 ","$0 ","$1.00 ","7%","154/384","0.401","43","94","445","293","76","40","23"
"Jeremy Lamb Cha - G,F","$0 ","$0 ","$1.70 ","31%","226/491","0.46","110","41","603","264","74","27","23"
"JaMychal Green Mem - F","$0 ","$0 ","$1.50 ","28%","250/499","0.501","134","55","689","544","84","47","34"
"Monta Ellis Ind - G","$0 ","$0 ","$1.00 ","5%","247/557","0.443","93","43","630","204","236","78","27"
"Emmanuel Mudiay Den - G","$0 ","$0 ","$1.00 ","16%","208/551","0.377","131","56","603","178","217","41","13"
"Jake Layman Por - F","$0 ","$0 ","$-","4%","26/89","0.292","13","13","78","24","11","8","3"
"Deron Williams Cle - G","$0 ","$0 ","$-","4%","263/600","0.438","90","85","701","147","360","31","8"
"Matthew Dellavedova Mil - G","$0 ","$0 ","$1.00 ","10%","208/534","0.39","82","79","577","146","357","53","0"
"Chandler Parsons Mem - F","$0 ","$0 ","$1.20 ","25%","75/222","0.338","35","25","210","84","55","20","5"
"Stanley Johnson Det - G,F","$0 ","$0 ","$-","5%","129/365","0.353","36","45","339","189","105","56","24"
"Mike Muscala Atl - F,C","$0 ","$0 ","$-","4%","170/337","0.504","49","46","435","239","95","30","41"
"Milos Teodosic LAC - G","$0 ","$0 ","$1.70 ","35%","-/-","-","-","-","-","-","-","-","-"
"Tyson Chandler Pho - C","$0 ","$0 ","$1.20 ","24%","153/228","0.671","91","0","397","539","30","33","24"
"P.J. Tucker Hou - G,F","$0 ","$0 ","$-","6%","199/482","0.413","72","70","540","471","99","116","19"
"Kyle O'Quinn NY - F,C","$0 ","$0 ","$-","5%","215/413","0.521","64","2","496","438","117","36","104"
"Cory Joseph Ind - G","$0 ","$0 ","$1.00 ","8%","299/661","0.452","94","48","740","235","265","66","13"
"DeMarre Carroll Bkn - F","$0 ","$0 ","$1.10 ","14%","220/550","0.4","89","109","638","275","74","80","27"
"C.J. Miles Tor - G,F","$0 ","$0 ","$1.10 ","14%","281/647","0.434","84","169","815","229","48","46","25"
"Tony Allen NO - G,F","$0 ","$0 ","$-","4%","274/595","0.461","80","15","643","391","98","115","29"
"Dante Exum Uta - G","$0 ","$0 ","$-","4%","155/363","0.427","58","44","412","132","110","21","12"
"Sean Kilpatrick Bkn - G","$0 ","$0 ","$1.10 ","8%","305/735","0.415","204","105","919","280","157","45","6"
"Timofey Mozgov Bkn - C","$0 ","$0 ","$1.40 ","11%","169/328","0.515","63","0","401","264","43","16","31"
"Lance Stephenson Ind - G,F","$0 ","$0 ","$1.90 ","21%","54/120","0.45","8","6","122","52","59","5","3"
"Alan Williams Pho - F,C","$0 ","$0 ","$1.10 ","3%","138/267","0.517","70","0","346","292","23","27","32"
"Tony Parker SA - G","$0 ","$0 ","$1.90 ","7%","265/569","0.466","85","23","638","113","285","34","2"
"Kelly Oubre Jr. Was - F","$0 ","$0 ","$-","5%","186/442","0.421","75","54","501","261","47","58","17"
"Paul Zipser Chi - F","$0 ","$0 ","$-","3%","88/221","0.398","31","33","240","125","36","15","16"
"Thon Maker Mil - F,C","$0 ","$0 ","$1.40 ","23%","83/181","0.459","32","28","226","114","23","10","26"
"Jamal Crawford Min - G,F","$0 ","$0 ","$1.10 ","16%","359/870","0.413","174","116","1008","129","213","61","14"
"Glenn Robinson III Ind - G,F","$0 ","$0 ","$-","3%","158/338","0.467","54","49","419","245","47","41","20"
"Delon Wright Tor - G","$0 ","$0 ","$-","3%","49/116","0.422","42","10","150","48","57","27","11"
"Kyle Korver Cle - G,F","$0 ","$0 ","$1.20 ","14%","239/515","0.464","38","162","678","186","110","34","21"
"Tony Snell Mil - G,F","$0 ","$0 ","$-","4%","246/541","0.455","47","144","683","248","96","55","14"
"Alex Len Pho - F,C","$0 ","$0 ","$1.90 ","24%","230/463","0.497","150","3","613","510","44","38","98"
"Joe Johnson Uta - G,F","$0 ","$0 ","$1.40 ","8%","273/625","0.437","63","106","715","243","144","36","18"
"Jonathon Simmons Orl - G,F","$0 ","$0 ","$1.20 ","11%","177/421","0.42","99","30","483","160","126","47","25"
"John Henson Mil - F,C","$0 ","$0 ","$-","3%","159/309","0.515","74","0","392","295","57","29","78"
"Evan Turner Por - G,F","$0 ","$0 ","$1.00 ","6%","235/552","0.426","85","31","586","247","205","54","24"
"Kenneth Faried Den - F,C","$0 ","$0 ","$1.20 ","15%","228/416","0.548","131","0","587","462","55","43","40"
"Ian Mahinmi Was - C","$0 ","$0 ","$-","2%","65/111","0.586","43","0","173","150","19","34","24"
"Denzel Valentine Chi - G,F","$0 ","$0 ","$-","7%","102/288","0.354","14","73","291","151","63","30","7"
"Donovan Mitchell Uta - G","$0 ","$0 ","$1.70 ","7%","-/-","-","-","-","-","-","-","-","-"
"Cheick Diallo NO - F","$0 ","$0 ","$-","2%","36/76","0.474","15","0","87","73","4","4","7"
"Sam Dekker LAC - F","$0 ","$0 ","$-","2%","203/429","0.473","38","60","504","284","76","38","21"
"Dejounte Murray SA - G","$0 ","$0 ","$1.10 ","6%","50/116","0.431","21","9","130","42","48","8","6"
"E'Twaun Moore NO - G","$0 ","$0 ","$-","3%","283/619","0.457","57","77","700","152","164","50","32"
"Juancho Hernangomez Den - F","$0 ","$0 ","$-","3%","101/224","0.451","57","46","305","187","29","30","12"
"Ante Zizic Cle - C","$0 ","$0 ","$-","2%","-/-","-","-","-","-","-","-","-","-"
"Jared Dudley Pho - F","$0 ","$0 ","$-","1%","157/346","0.454","43","77","434","225","121","42","16"
"Nene Hilario Hou - F,C","$0 ","$0 ","$-","3%","245/397","0.617","116","3","609","282","65","56","39"
"T.J. McConnell Phi - G","$0 ","$0 ","$1.00 ","7%","236/512","0.461","73","11","556","251","534","134","10"
"Patrick McCaw GS - G,F","$0 ","$0 ","$-","2%","106/245","0.433","29","41","282","100","77","32","15"
"Lance Thomas NY - G,F","$0 ","$0 ","$-","2%","97/244","0.398","43","38","275","142","35","21","5"
"Iman Shumpert Cle - G,F","$0 ","$0 ","$-","2%","201/489","0.411","71","94","567","218","109","62","27"
"Doug McDermott NY - F","$0 ","$0 ","$-","4%","222/497","0.447","71","77","592","179","58","13","5"
"James Ennis III Mem - G,F","$0 ","$0 ","$-","1%","146/321","0.455","86","51","429","259","64","46","19"
"Justin Jackson Sac - F","$0 ","$0 ","$1.00 ","5%","-/-","-","-","-","-","-","-","-","-"
"Bismack Biyombo Orl - F,C","$0 ","$0 ","$1.20 ","11%","179/339","0.528","125","0","483","567","74","25","91"
"Bobby Portis Chi - F,C","$0 ","$0 ","$1.60 ","8%","183/375","0.488","39","32","437","296","35","16","11"
"Ivica Zubac LAL - C","$0 ","$0 ","$1.00 ","5%","126/238","0.529","32","0","284","159","30","14","33"
"Kosta Koufos Sac - F,C","$0 ","$0 ","$-","2%","216/392","0.551","38","0","470","403","47","36","48"
"Jonas Jerebko Uta - F","$0 ","$0 ","$-","2%","114/262","0.435","26","45","299","272","71","25","17"
"Cameron Payne Chi - G","$0 ","$0 ","$-","2%","64/193","0.332","5","27","160","48","55","14","4"
"Jon Leuer Det - F,C","$0 ","$0 ","$1.20 ","8%","310/646","0.48","98","49","767","402","111","31","26"
"Cristiano Felicio Chi - C","$0 ","$0 ","$-","2%","128/221","0.579","60","0","316","311","40","25","17"
"Channing Frye Cle - F,C","$0 ","$0 ","$1.50 ","3%","238/520","0.458","63","137","676","290","45","33","38"
"Dwight Powell Dal - F,C","$0 ","$0 ","$-","3%","194/377","0.515","107","21","516","306","49","61","39"
"Amir Johnson Phi - F,C","$0 ","$0 ","$-","2%","213/370","0.576","67","27","520","366","140","51","62"
"Thabo Sefolosha Uta - G,F","$0 ","$0 ","$-","1%","174/395","0.441","55","41","444","270","107","96","31"
"Ish Smith Det - G","$0 ","$0 ","$1.20 ","11%","329/749","0.439","72","28","758","235","418","61","33"
"Zaza Pachulia GS - C","$0 ","$0 ","$1.20 ","6%","164/307","0.534","98","0","426","410","132","59","33"
"Garrett Temple Sac - G","$0 ","$0 ","$-","1%","183/432","0.424","58","82","506","184","168","84","28"
"Marreese Speights Orl - F,C","$0 ","$0 ","$-","2%","244/548","0.445","120","103","711","373","66","23","41"
"Matt Barnes GS - G,F","$0 ","$0 ","$-","1%","185/473","0.391","70","87","527","384","195","48","26"
"Solomon Hill NO - G,F","$0 ","$0 ","$-","1%","183/478","0.383","103","94","563","307","141","72","32"
"Vince Carter Sac - G,F","$0 ","$0 ","$-","2%","193/490","0.394","88","112","586","227","133","60","36"
"David Lee SA - F,C","$0 ","$0 ","$-","1%","248/420","0.59","80","0","576","441","123","31","40"
"Justin Holiday Chi - G,F","$0 ","$0 ","$-","9%","233/538","0.433","66","97","629","226","102","65","31"
"Marco Belinelli Atl - G,F","$0 ","$0 ","$-","2%","264/615","0.429","150","102","780","178","147","44","9"
"Raymond Felton OKC - G","$0 ","$0 ","$-","1%","221/514","0.43","50","46","538","218","191","66","22"
"Nick Young GS - G,F","$0 ","$0 ","$1.20 ","7%","272/633","0.43","77","170","791","138","58","37","14"
"Manu Ginobili SA - G,F","$0 ","$0 ","$1.10 ","4%","171/439","0.39","86","89","517","157","183","82","16"
"Jameer Nelson Den - G","$0 ","$0 ","$-","1%","268/604","0.444","45","106","687","192","385","54","8"
"Nik Stauskas Phi - G,F","$0 ","$0 ","$-","1%","251/634","0.396","122","132","756","226","188","45","32"
"Dante Cunningham NO - F","$0 ","$0 ","$-","1%","174/359","0.485","16","71","435","277","37","39","28"
"David West GS - F","$0 ","$0 ","$-","1%","135/252","0.536","43","3","316","203","151","42","48"
"Luc Richard Mbah a Moute Hou - F","$0 ","$0 ","$-","1%","191/378","0.505","59","43","484","170","39","81","35"
"Luol Deng LAL - F","$0 ","$0 ","$-","1%","164/424","0.387","46","51","425","295","74","48","20"
"Ty Lawson Sac - G","$0 ","$0 ","$-","1%","237/522","0.454","173","34","681","180","334","74","6"
"Lucas Nogueira Tor - F,C","$0 ","$0 ","$1.00 ","3%","103/156","0.66","44","3","253","244","42","52","89"
"Wayne Ellington Mia - G,F","$0 ","$0 ","$-","1%","231/555","0.416","37","149","648","131","70","35","4"
"Langston Galloway Det - G","$0 ","$0 ","$-","1%","207/545","0.38","51","120","585","156","93","46","6"
"Jason Smith Was - F,C","$0 ","$0 ","$-","1%","174/329","0.529","35","37","420","258","37","21","54"
"Jerami Grant OKC - F","$0 ","$0 ","$-","1%","152/328","0.463","90","43","437","205","46","33","79"
"Anthony Tolliver Det - F","$0 ","$0 ","$-","0%","155/351","0.442","61","90","461","237","77","34","20"
"Aron Baynes Bos - C","$0 ","$0 ","$-","2%","143/279","0.513","79","0","365","333","32","17","39"
"Jeff Green Cle - F","$0 ","$0 ","$-","1%","220/558","0.394","145","53","638","214","81","37","13"
"Kyle Anderson SA - G,F","$0 ","$0 ","$-","1%","93/209","0.445","45","15","246","208","92","51","26"
"Gerald Henderson Phi - G,F","$0 ","$0 ","$-","0%","234/552","0.424","133","61","662","185","112","40","14"
"Jason Terry Mil - G","$0 ","$0 ","$-","0%","105/243","0.432","24","73","307","106","98","46","20"
"Shaun Livingston GS - G","$0 ","$0 ","$-","3%","173/316","0.547","42","1","389","151","139","38","20"
"Brandon Jennings Was - G","$0 ","$0 ","$-","0%","192/535","0.359","114","79","577","196","395","70","4"
"Arron Afflalo Orl - G,F","$0 ","$0 ","$-","1%","185/420","0.44","83","62","515","125","78","21","7"
"Corey Brewer LAL - G,F","$0 ","$0 ","$-","0%","147/348","0.422","50","27","371","166","97","61","20"
"Al Jefferson Ind - F,C","$0 ","$0 ","$1.30 ","3%","235/471","0.499","65","0","535","278","57","19","16"
"Shabazz Muhammad Min - G,F","$0 ","$0 ","$-","2%","288/598","0.482","147","49","772","220","35","22","6"
"Justin Anderson Phi - F","$0 ","$0 ","$-","1%","186/438","0.425","102","58","532","245","66","41","23"
"Nemanja Bjelica Min - F","$0 ","$0 ","$-","1%","151/356","0.424","45","56","403","244","79","40","20"
"Justin Hamilton Tor - F,C","$0 ","$0 ","$-","0%","174/379","0.459","39","55","442","262","55","29","43"
"Meyers Leonard Por - F,C","$0 ","$0 ","$-","1%","146/378","0.386","35","74","401","237","71","13","28"
"Jerian Grant Chi - G","$0 ","$0 ","$-","5%","128/301","0.425","65","49","370","111","121","47","8"
"Devin Harris Dal - G","$0 ","$0 ","$-","0%","136/341","0.399","107","58","437","127","136","43","7"
"Salah Mejri Dal - C","$0 ","$0 ","$-","0%","88/137","0.642","36","1","213","308","14","32","61"
"Tim Frazier Was - G","$0 ","$0 ","$-","1%","163/404","0.403","98","40","464","173","335","56","6"
"Terrence Jones Mil - F","$0 ","$0 ","$-","0%","231/492","0.47","103","19","584","306","59","40","54"
"Tarik Black Hou - F,C","$0 ","$0 ","$-","0%","150/293","0.512","82","1","383","342","39","30","44"
"Montrezl Harrell LAC - F,C","$0 ","$0 ","$-","1%","225/345","0.652","76","1","527","219","64","20","42"
"Mirza Teletovic Mil - F","$0 ","$0 ","$-","1%","156/418","0.373","35","104","451","162","48","12","13"
"Ian Clark NO - G","$0 ","$0 ","$-","1%","211/433","0.487","44","61","527","122","90","39","8"
"Wesley Johnson LAC - G,F","$0 ","$0 ","$-","0%","73/200","0.365","11","29","186","181","23","29","30"
"Roy Hibbert Den - C","$0 ","$0 ","$-","0%","80/147","0.544","61","0","221","152","21","8","46"
"JaVale McGee GS - C","$0 ","$0 ","$1.50 ","6%","208/319","0.652","56","0","472","244","17","19","67"
"Spencer Dinwiddie Bkn - G","$0 ","$0 ","$-","0%","134/302","0.444","126","38","432","164","185","44","23"
"Spencer Hawes Mil - F,C","$0 ","$0 ","$-","0%","134/277","0.484","44","25","337","191","81","15","30"
"Darrell Arthur Den - F,C","$0 ","$0 ","$-","0%","95/215","0.442","19","53","262","112","42","19","21"
"D.J. Augustin Orl - G","$0 ","$0 ","$-","0%","195/517","0.377","131","95","616","117","209","31","1"
"Michael Beasley NY - F","$0 ","$0 ","$1.00 ","9%","216/406","0.532","78","18","528","193","53","27","28"
"Rodney McGruder Mia - G","$0 ","$0 ","$-","0%","190/460","0.413","44","73","497","256","124","46","18"
NA,NA,NA,NA,NA,NA,NA,NA,NA,NA,NA,NA,NA,NA
NA,NA,NA,NA,NA,NA,NA,NA,NA,NA,NA,NA,NA,NA
NA,NA,NA,NA,NA,NA,NA,NA,NA,NA,NA,NA,NA,NA
NA,NA,NA,NA,NA,NA,NA,NA,NA,NA,NA,NA,NA,NA
NA,NA,NA,NA,NA,NA,NA,NA,NA,NA,NA,NA,NA,NA
NA,NA,NA,NA,NA,NA,NA,NA,NA,NA,NA,NA,NA,NA
NA,NA,NA,NA,NA,NA,NA,NA,NA,NA,NA,NA,NA,NA
NA,NA,NA,NA,NA,NA,NA,NA,NA,NA,NA,NA,NA,NA
NA,NA,NA,NA,NA,NA,NA,NA,NA,NA,NA,NA,NA,NA
NA,NA,NA,NA,NA,NA,NA,NA,NA,NA,NA,NA,NA,NA
NA,NA,NA,NA,NA,NA,NA,NA,NA,NA,NA,NA,NA,NA
NA,NA,NA,NA,NA,NA,NA,NA,NA,NA,NA,NA,NA,NA
NA,NA,NA,NA,NA,NA,NA,NA,NA,NA,NA,NA,NA,NA
NA,NA,NA,NA,NA,NA,NA,NA,NA,NA,NA,NA,NA,NA
NA,NA,NA,NA,NA,NA,NA,NA,NA,NA,NA,NA,NA,NA
NA,NA,NA,NA,NA,NA,NA,NA,NA,NA,NA,NA,NA,NA
NA,NA,NA,NA,NA,NA,NA,NA,NA,NA,NA,NA,NA,NA
NA,NA,NA,NA,NA,NA,NA,NA,NA,NA,NA,NA,NA,NA
NA,NA,NA,NA,NA,NA,NA,NA,NA,NA,NA,NA,NA,NA
NA,NA,NA,NA,NA,NA,NA,NA,NA,NA,NA,NA,NA,NA
NA,NA,NA,NA,NA,NA,NA,NA,NA,NA,NA,NA,NA,NA
NA,NA,NA,NA,NA,NA,NA,NA,NA,NA,NA,NA,NA,NA
NA,NA,NA,NA,NA,NA,NA,NA,NA,NA,NA,NA,NA,NA
NA,NA,NA,NA,NA,NA,NA,NA,NA,NA,NA,NA,NA,NA
NA,NA,NA,NA,NA,NA,NA,NA,NA,NA,NA,NA,NA,NA
NA,NA,NA,NA,NA,NA,NA,NA,NA,NA,NA,NA,NA,NA
NA,NA,NA,NA,NA,NA,NA,NA,NA,NA,NA,NA,NA,NA
NA,NA,NA,NA,NA,NA,NA,NA,NA,NA,NA,NA,NA,NA
NA,NA,NA,NA,NA,NA,NA,NA,NA,NA,NA,NA,NA,NA
NA,NA,NA,NA,NA,NA,NA,NA,NA,NA,NA,NA,NA,NA
NA,NA,NA,NA,NA,NA,NA,NA,NA,NA,NA,NA,NA,NA
NA,NA,NA,NA,NA,NA,NA,NA,NA,NA,NA,NA,NA,NA
NA,NA,NA,NA,NA,NA,NA,NA,NA,NA,NA,NA,NA,NA
NA,NA,NA,NA,NA,NA,NA,NA,NA,NA,NA,NA,NA,NA
NA,NA,NA,NA,NA,NA,NA,NA,NA,NA,NA,NA,NA,NA
NA,NA,NA,NA,NA,NA,NA,NA,NA,NA,NA,NA,NA,NA
NA,NA,NA,NA,NA,NA,NA,NA,NA,NA,NA,NA,NA,NA
